earliest_filing_year,cpc_green,count
1897,Adaptation to CC,0.50000000000000000000
1899,Adaptation to CC,0.50000000000000000000
1902,Adaptation to CC,5.24999999999999999998
1903,Adaptation to CC,6.48333333333333333332
1904,Adaptation to CC,5.71666666666666666664
1905,Adaptation to CC,5.39999999999999999999
1906,Adaptation to CC,4.83333333333333333331
1907,Adaptation to CC,3.05833333333333333333
1908,Adaptation to CC,6.93333333333333333332
1909,Adaptation to CC,4.05952380952380952381
1910,Adaptation to CC,3.41666666666666666666
1911,Adaptation to CC,3.88333333333333333332
1912,Adaptation to CC,6.58333333333333333332
1913,Adaptation to CC,5.31666666666666666665
1914,Adaptation to CC,2.43333333333333333333
1915,Adaptation to CC,1.16666666666666666666
1916,Adaptation to CC,1.83333333333333333333
1917,Adaptation to CC,4.49999999999999999999
1918,Adaptation to CC,3.99999999999999999999
1919,Adaptation to CC,6.84999999999999999999
1920,Adaptation to CC,10.56944444444444444442
1921,Adaptation to CC,10.16190476190476190472
1922,Adaptation to CC,10.66666666666666666662
1923,Adaptation to CC,11.81666666666666666660
1924,Adaptation to CC,12.14999999999999999995
1925,Adaptation to CC,12.54841269841269841265
1926,Adaptation to CC,15.97222222222222222214
1927,Adaptation to CC,16.30952380952380952375
1928,Adaptation to CC,15.90952380952380952374
1929,Adaptation to CC,16.54166666666666666660
1930,Adaptation to CC,16.84285714285714285708
1931,Adaptation to CC,13.44999999999999999995
1932,Adaptation to CC,10.61666666666666666664
1933,Adaptation to CC,13.63333333333333333327
1934,Adaptation to CC,8.03333333333333333331
1935,Adaptation to CC,12.54166666666666666663
1936,Adaptation to CC,14.53333333333333333327
1937,Adaptation to CC,19.77142857142857142848
1938,Adaptation to CC,12.39285714285714285707
1939,Adaptation to CC,11.39285714285714285711
1940,Adaptation to CC,9.56428571428571428564
1941,Adaptation to CC,4.67619047619047619047
1942,Adaptation to CC,6.60757575757575757574
1943,Adaptation to CC,5.91666666666666666663
1944,Adaptation to CC,6.39285714285714285712
1945,Adaptation to CC,5.17619047619047619047
1946,Adaptation to CC,7.33665223665223665221
1947,Adaptation to CC,3.76111111111111111109
1948,Adaptation to CC,5.44999999999999999998
1949,Adaptation to CC,11.34444444444444444442
1950,Adaptation to CC,11.34999999999999999996
1951,Adaptation to CC,19.42781385281385281380
1952,Adaptation to CC,12.55714285714285714282
1953,Adaptation to CC,8.18452380952380952382
1954,Adaptation to CC,17.76634199134199134194
1955,Adaptation to CC,8.36666666666666666664
1956,Adaptation to CC,15.45093073593073593070
1957,Adaptation to CC,19.13134920634920634917
1958,Adaptation to CC,18.66666666666666666663
1959,Adaptation to CC,16.38373015873015873012
1960,Adaptation to CC,25.09090909090909090903
1961,Adaptation to CC,30.75868805107935542712
1962,Adaptation to CC,25.81504467754467754471
1963,Adaptation to CC,38.13880952380952380945
1964,Adaptation to CC,45.82958152958152958145
1965,Adaptation to CC,53.34776334776334776320
1966,Adaptation to CC,46.05229076479076479075
1967,Adaptation to CC,53.73592189973768921133
1968,Adaptation to CC,60.18231898820134114243
1969,Adaptation to CC,59.01145462724410092822
1970,Adaptation to CC,64.93048635339844268236
1971,Adaptation to CC,98.71580715964877181230
1972,Adaptation to CC,109.05341600830731265507
1973,Adaptation to CC,112.22163341044919992272
1974,Adaptation to CC,302.07867187422140982493
1975,Adaptation to CC,649.52602376983181936723
1976,Adaptation to CC,737.76795369663016721798
1977,Adaptation to CC,790.36886607129254188028
1978,Adaptation to CC,752.10564163025566461940
1979,Adaptation to CC,761.02789843598667128029
1980,Adaptation to CC,733.92200387847446670958
1981,Adaptation to CC,801.49366129871160830899
1982,Adaptation to CC,799.14784218619357938237
1983,Adaptation to CC,832.76016502016502016484
1984,Adaptation to CC,892.09373405904860653217
1985,Adaptation to CC,925.49794748416071945472
1986,Adaptation to CC,1046.69999077461925759116
1987,Adaptation to CC,986.97514712482743173263
1988,Adaptation to CC,1137.30927950159464801349
1989,Adaptation to CC,1217.23199046774844789128
1990,Adaptation to CC,1320.31009646036453315914
1991,Adaptation to CC,1185.06342573243755295890
1992,Adaptation to CC,1152.07296707669416801309
1993,Adaptation to CC,1247.95216998689299112524
1994,Adaptation to CC,1482.27297811985536094306
1995,Adaptation to CC,1704.43307754304377509788
1996,Adaptation to CC,1757.88611920002390148735
1997,Adaptation to CC,2041.96002886827565679387
1998,Adaptation to CC,2112.13609723600771160266
1999,Adaptation to CC,2102.19520945839998763316
2000,Adaptation to CC,2570.17837484916952897785
2001,Adaptation to CC,2603.71121782976838406010
2002,Adaptation to CC,2810.05797814740782552099
2003,Adaptation to CC,2879.16322902346630092989
2004,Adaptation to CC,2776.49322275240237746708
2005,Adaptation to CC,3035.55493854803585498091
2006,Adaptation to CC,3201.53311916749520054813
2007,Adaptation to CC,3011.50421292694793275124
2008,Adaptation to CC,3337.66591872065553109499
2009,Adaptation to CC,3764.31097171609986051858
2010,Adaptation to CC,4231.44664093823779465922
2011,Adaptation to CC,5088.30321261710846313965
2012,Adaptation to CC,6305.26315713863824795342
2013,Adaptation to CC,7442.78227075952276748397
2014,Adaptation to CC,8649.90840875899370356541
2015,Adaptation to CC,11470.38497578508930715077
2016,Adaptation to CC,12267.20609125057611909156
2017,Adaptation to CC,12882.21139459185565297717
2018,Adaptation to CC,1539.00071087692673764932
2019,Adaptation to CC,0.63611111111111111111
9999,Adaptation to CC,105.33333333333333333333
1881,Buildings,0.25000000000000000000
1901,Buildings,0.50000000000000000000
1902,Buildings,0.66666666666666666666
1903,Buildings,0.50000000000000000000
1904,Buildings,1.25000000000000000000
1906,Buildings,1.25000000000000000000
1907,Buildings,1.00000000000000000000
1908,Buildings,2.00000000000000000000
1909,Buildings,0.75000000000000000000
1910,Buildings,2.75000000000000000000
1911,Buildings,0.50000000000000000000
1912,Buildings,1.58333333333333333333
1913,Buildings,1.00000000000000000000
1914,Buildings,1.00000000000000000000
1915,Buildings,0.66666666666666666666
1916,Buildings,0.83333333333333333333
1917,Buildings,1.00000000000000000000
1918,Buildings,0.33333333333333333333
1919,Buildings,2.48333333333333333333
1920,Buildings,1.74999999999999999999
1921,Buildings,4.27499999999999999999
1922,Buildings,4.91666666666666666664
1923,Buildings,6.19999999999999999996
1924,Buildings,5.86666666666666666663
1925,Buildings,6.58888888888888888885
1926,Buildings,9.70555555555555555547
1927,Buildings,12.24285714285714285708
1928,Buildings,9.55952380952380952376
1929,Buildings,13.12499999999999999995
1930,Buildings,11.37619047619047619042
1931,Buildings,8.53333333333333333329
1932,Buildings,6.24999999999999999997
1933,Buildings,10.80952380952380952374
1934,Buildings,8.98333333333333333331
1935,Buildings,11.31666666666666666662
1936,Buildings,10.57619047619047619044
1937,Buildings,18.79444444444444444437
1938,Buildings,10.14166666666666666660
1939,Buildings,8.64999999999999999997
1940,Buildings,11.12857142857142857135
1941,Buildings,4.05952380952380952380
1942,Buildings,6.76904761904761904760
1943,Buildings,2.78333333333333333332
1944,Buildings,6.70238095238095238091
1945,Buildings,7.84444444444444444441
1946,Buildings,7.39999999999999999997
1947,Buildings,4.66666666666666666664
1948,Buildings,3.14999999999999999998
1949,Buildings,6.06666666666666666665
1950,Buildings,6.30952380952380952377
1951,Buildings,11.84444444444444444441
1952,Buildings,14.69642857142857142853
1953,Buildings,10.56785714285714285711
1954,Buildings,14.41785714285714285712
1955,Buildings,8.08611111111111111108
1956,Buildings,7.72452380952380952379
1957,Buildings,9.94999999999999999999
1958,Buildings,15.51904761904761904758
1959,Buildings,15.29993894993894993891
1960,Buildings,15.92586580086580086575
1961,Buildings,13.38423520923520923515
1962,Buildings,11.52261904761904761900
1963,Buildings,13.74238095238095238094
1964,Buildings,22.57741702741702741700
1965,Buildings,20.87182539682539682532
1966,Buildings,25.52205988455988455985
1967,Buildings,25.82703130203130203125
1968,Buildings,26.01891252022830970197
1969,Buildings,24.21356742672532146218
1970,Buildings,23.92332667332667332664
1971,Buildings,32.92703309762133291540
1972,Buildings,29.46569900687547746369
1973,Buildings,37.63139262698086227492
1974,Buildings,56.90888262064732652954
1975,Buildings,97.55651750210573739978
1976,Buildings,146.38022477035634930360
1977,Buildings,157.09005128858070034528
1978,Buildings,177.01278911483515064059
1979,Buildings,244.44093125370215153448
1980,Buildings,300.85571039011441488190
1981,Buildings,367.01136865079295953619
1982,Buildings,339.49484526910997499209
1983,Buildings,362.78039292028422463184
1984,Buildings,393.88061394200155090034
1985,Buildings,347.57358684916734452312
1986,Buildings,269.33853814228427231505
1987,Buildings,316.69936364866238639013
1988,Buildings,327.88985363310188376406
1989,Buildings,374.30724844386928785887
1990,Buildings,409.78259491931218686423
1991,Buildings,462.17836979130122612537
1992,Buildings,436.44316071999895529279
1993,Buildings,563.29435424072993059385
1994,Buildings,726.27675218791504688759
1995,Buildings,761.36687817481447175863
1996,Buildings,802.63587423780909549327
1997,Buildings,886.37037131519449184130
1998,Buildings,1000.75670671145309419096
1999,Buildings,1007.66723235425685269994
2000,Buildings,1049.90933543958546158288
2001,Buildings,1116.66446597487147468091
2002,Buildings,1188.61856700515903877574
2003,Buildings,1267.96991353101713362690
2004,Buildings,1380.00982783828688883137
2005,Buildings,1668.12223619956108390580
2006,Buildings,2312.46928633574156395227
2007,Buildings,2190.04609653030782193250
2008,Buildings,2761.90073699847927824319
2009,Buildings,3235.94588842947419740056
2010,Buildings,3818.06037655592591774767
2011,Buildings,4633.64567093095010111046
2012,Buildings,5882.43292908348551433756
2013,Buildings,6031.31006074177032091348
2014,Buildings,6447.01584002274086294725
2015,Buildings,8088.78681055313082070542
2016,Buildings,7896.79912866817827431284
2017,Buildings,7624.37935745945980036541
2018,Buildings,971.33345726268994124191
2019,Buildings,2.36515151515151515153
9999,Buildings,4.41666666666666666666
1914,Capture and storage of GHG,0.20000000000000000000
1918,Capture and storage of GHG,0.07692307692307692308
1919,Capture and storage of GHG,0.20000000000000000000
1926,Capture and storage of GHG,0.25000000000000000000
1927,Capture and storage of GHG,0.10000000000000000000
1931,Capture and storage of GHG,0.32142857142857142857
1939,Capture and storage of GHG,0.14285714285714285714
1940,Capture and storage of GHG,0.09090909090909090909
1945,Capture and storage of GHG,0.24761904761904761905
1946,Capture and storage of GHG,0.40000000000000000000
1948,Capture and storage of GHG,0.07142857142857142857
1950,Capture and storage of GHG,0.62500000000000000000
1951,Capture and storage of GHG,0.00000000000000000000
1952,Capture and storage of GHG,0.25000000000000000000
1953,Capture and storage of GHG,0.97916666666666666666
1954,Capture and storage of GHG,1.16161616161616161615
1955,Capture and storage of GHG,0.62463549522373051785
1956,Capture and storage of GHG,0.44924242424242424243
1957,Capture and storage of GHG,0.54667919799498746867
1958,Capture and storage of GHG,2.29682539682539682540
1959,Capture and storage of GHG,0.22222222222222222223
1960,Capture and storage of GHG,0.62676518883415435141
1961,Capture and storage of GHG,0.89173789173789173790
1962,Capture and storage of GHG,1.06629153010731958100
1963,Capture and storage of GHG,0.72186147186147186147
1964,Capture and storage of GHG,2.03876623376623376623
1965,Capture and storage of GHG,2.62075424575424575423
1966,Capture and storage of GHG,2.30072150072150072149
1967,Capture and storage of GHG,1.49954212454212454214
1968,Capture and storage of GHG,3.09869281045751633987
1969,Capture and storage of GHG,4.78233842181210602264
1970,Capture and storage of GHG,4.87119498858629293411
1971,Capture and storage of GHG,3.75897180313389241781
1972,Capture and storage of GHG,4.29110983787454375689
1973,Capture and storage of GHG,6.74139314417952188849
1974,Capture and storage of GHG,8.54195143936523246866
1975,Capture and storage of GHG,22.65136252124949427151
1976,Capture and storage of GHG,13.62783421171192069024
1977,Capture and storage of GHG,22.47011095236901688516
1978,Capture and storage of GHG,15.91850519907795449593
1979,Capture and storage of GHG,15.77096158227737175107
1980,Capture and storage of GHG,16.35527620527620527624
1981,Capture and storage of GHG,20.71719849995778788352
1982,Capture and storage of GHG,23.93085389858984186355
1983,Capture and storage of GHG,25.16298034978661577129
1984,Capture and storage of GHG,31.25859381180747216370
1985,Capture and storage of GHG,39.14086936791540372105
1986,Capture and storage of GHG,51.58333526753051479597
1987,Capture and storage of GHG,30.72194114510444585699
1988,Capture and storage of GHG,30.90774059522099570042
1989,Capture and storage of GHG,31.45554960863096269081
1990,Capture and storage of GHG,58.52052776884293251850
1991,Capture and storage of GHG,61.72625334031821471462
1992,Capture and storage of GHG,57.15876823669413411443
1993,Capture and storage of GHG,53.42516924375907154816
1994,Capture and storage of GHG,44.85983651590649992723
1995,Capture and storage of GHG,37.27801803211436991880
1996,Capture and storage of GHG,44.25711410761935297435
1997,Capture and storage of GHG,59.12870143962080235785
1998,Capture and storage of GHG,55.33288632630191851438
1999,Capture and storage of GHG,79.89728254644482402216
2000,Capture and storage of GHG,68.27980708971122665299
2001,Capture and storage of GHG,73.81269682423726233790
2002,Capture and storage of GHG,67.62408494420658554819
2003,Capture and storage of GHG,80.85607808816604649001
2004,Capture and storage of GHG,88.20345267686485085881
2005,Capture and storage of GHG,116.60343404077554077386
2006,Capture and storage of GHG,94.85416571888134258653
2007,Capture and storage of GHG,98.54862492662094810342
2008,Capture and storage of GHG,125.19237465053175789050
2009,Capture and storage of GHG,148.86657124299385410444
2010,Capture and storage of GHG,153.83286976536173525601
2011,Capture and storage of GHG,199.97650799233899158089
2012,Capture and storage of GHG,242.00484867597516730900
2013,Capture and storage of GHG,201.33830106776567343989
2014,Capture and storage of GHG,200.88057782749611570898
2015,Capture and storage of GHG,223.48635277909567818196
2016,Capture and storage of GHG,176.38431397113216393513
2017,Capture and storage of GHG,115.14074017955901011795
2018,Capture and storage of GHG,9.04329605579605579605
2019,Capture and storage of GHG,0.12500000000000000000
9999,Capture and storage of GHG,1.75000000000000000000
1907,ICT,0.50000000000000000000
1919,ICT,0.50000000000000000000
1922,ICT,0.50000000000000000000
1923,ICT,0.50000000000000000000
1924,ICT,0.58333333333333333333
1925,ICT,0.00000000000000000000
1926,ICT,0.50000000000000000000
1927,ICT,0.50000000000000000000
1928,ICT,0.83333333333333333333
1929,ICT,1.50000000000000000000
1930,ICT,2.99999999999999999999
1931,ICT,1.50000000000000000000
1932,ICT,2.50000000000000000000
1933,ICT,0.50000000000000000000
1934,ICT,2.50000000000000000000
1935,ICT,0.66666666666666666666
1936,ICT,1.49999999999999999999
1937,ICT,2.11904761904761904763
1938,ICT,1.16666666666666666667
1939,ICT,0.83333333333333333333
1940,ICT,0.50000000000000000000
1941,ICT,0.50000000000000000000
1943,ICT,0.50000000000000000000
1945,ICT,0.50000000000000000000
1946,ICT,0.06666666666666666667
1947,ICT,1.16666666666666666667
1949,ICT,0.60000000000000000000
1951,ICT,0.62500000000000000000
1952,ICT,0.95833333333333333333
1953,ICT,2.26190476190476190475
1954,ICT,1.00000000000000000000
1955,ICT,0.72222222222222222224
1956,ICT,1.33333333333333333333
1957,ICT,0.62500000000000000000
1958,ICT,0.83333333333333333334
1959,ICT,2.66666666666666666666
1960,ICT,0.75000000000000000001
1961,ICT,0.40000000000000000000
1962,ICT,1.33333333333333333333
1963,ICT,0.58333333333333333333
1964,ICT,1.10000000000000000000
1965,ICT,1.70000000000000000000
1966,ICT,3.17549019607843137256
1967,ICT,1.83333333333333333333
1968,ICT,0.36666666666666666667
1969,ICT,2.68809523809523809523
1970,ICT,3.40757575757575757575
1971,ICT,4.50873015873015873024
1972,ICT,3.69999999999999999997
1973,ICT,5.39166666666666666668
1974,ICT,6.04999999999999999998
1975,ICT,10.06666666666666666666
1976,ICT,14.51190476190476190474
1977,ICT,14.00000000000000000000
1978,ICT,19.97500000000000000000
1979,ICT,32.55476190476190476185
1980,ICT,23.63452380952380952379
1981,ICT,20.76666666666666666663
1982,ICT,24.55119047619047619047
1983,ICT,41.77500000000000000000
1984,ICT,61.32002164502164502163
1985,ICT,83.32065144158167413978
1986,ICT,90.42973163841807909602
1987,ICT,142.17172738183174615809
1988,ICT,166.78730158730158730152
1989,ICT,180.69754866545605890569
1990,ICT,231.93347967331223946560
1991,ICT,302.76448250121812427985
1992,ICT,316.67257659007659007658
1993,ICT,357.33629228449081390237
1994,ICT,376.42513984755928697317
1995,ICT,413.15684558033810721714
1996,ICT,515.87694821379780932342
1997,ICT,519.84305157711854037554
1998,ICT,615.76106741540615191411
1999,ICT,685.31003891544863609115
2000,ICT,782.53430011095425841582
2001,ICT,803.24945406905453629028
2002,ICT,911.19690126902926726490
2003,ICT,1000.48303330768910600313
2004,ICT,1089.31554632172790980802
2005,ICT,1212.65141371828952791816
2006,ICT,1233.76563101539025676454
2007,ICT,1385.33188939661197145591
2008,ICT,1565.41607029777618338581
2009,ICT,1666.77595938946901174307
2010,ICT,1827.94451321030811005668
2011,ICT,2098.43453201485344715074
2012,ICT,2720.55181055715472917201
2013,ICT,2843.19881435220593185902
2014,ICT,2630.56539276494790311781
2015,ICT,2371.33715894134141707932
2016,ICT,2235.21641975613919626623
2017,ICT,1528.90914350263852489271
2018,ICT,148.10512142656105504389
2019,ICT,0.33333333333333333334
9999,ICT,1.00000000000000000000
1899,Industry and agriculture,1.00000000000000000000
1901,Industry and agriculture,0.50000000000000000000
1902,Industry and agriculture,12.94999999999999999998
1903,Industry and agriculture,11.53333333333333333332
1904,Industry and agriculture,13.99999999999999999997
1905,Industry and agriculture,16.81666666666666666665
1906,Industry and agriculture,11.33055555555555555553
1907,Industry and agriculture,15.60833333333333333333
1908,Industry and agriculture,12.94999999999999999996
1909,Industry and agriculture,11.44999999999999999999
1910,Industry and agriculture,12.11666666666666666665
1911,Industry and agriculture,10.45952380952380952378
1912,Industry and agriculture,11.78333333333333333332
1913,Industry and agriculture,8.83888888888888888887
1914,Industry and agriculture,7.26666666666666666665
1915,Industry and agriculture,5.83333333333333333332
1916,Industry and agriculture,8.91666666666666666665
1917,Industry and agriculture,18.23333333333333333329
1918,Industry and agriculture,19.05311355311355311353
1919,Industry and agriculture,39.47619047619047619034
1920,Industry and agriculture,34.99444444444444444437
1921,Industry and agriculture,35.02619047619047619040
1922,Industry and agriculture,23.66666666666666666666
1923,Industry and agriculture,30.79166666666666666660
1924,Industry and agriculture,13.71111111111111111110
1925,Industry and agriculture,26.84166666666666666662
1926,Industry and agriculture,21.56785714285714285710
1927,Industry and agriculture,23.07164502164502164498
1928,Industry and agriculture,23.16477591036414565820
1929,Industry and agriculture,20.87142857142857142851
1930,Industry and agriculture,18.63376623376623376620
1931,Industry and agriculture,19.61587301587301587296
1932,Industry and agriculture,10.09999999999999999998
1933,Industry and agriculture,11.27063492063492063490
1934,Industry and agriculture,14.80129870129870129865
1935,Industry and agriculture,15.15952380952380952376
1936,Industry and agriculture,17.18690476190476190474
1937,Industry and agriculture,22.45555555555555555549
1938,Industry and agriculture,21.73055555555555555552
1939,Industry and agriculture,14.15595238095238095237
1940,Industry and agriculture,18.43951136582715530080
1941,Industry and agriculture,20.00952380952380952374
1942,Industry and agriculture,16.31709956709956709954
1943,Industry and agriculture,15.81111111111111111106
1944,Industry and agriculture,20.32626262626262626259
1945,Industry and agriculture,11.37738095238095238092
1946,Industry and agriculture,17.85406162464985994395
1947,Industry and agriculture,18.33217893217893217888
1948,Industry and agriculture,20.46822899322899322896
1949,Industry and agriculture,30.12622655122655122650
1950,Industry and agriculture,28.97305194805194805186
1951,Industry and agriculture,32.64567099567099567095
1952,Industry and agriculture,31.57963980463980463975
1953,Industry and agriculture,34.77011230994791540088
1954,Industry and agriculture,42.76649576909619951220
1955,Industry and agriculture,49.51150973209796739196
1956,Industry and agriculture,46.45067889626713156112
1957,Industry and agriculture,66.29581573333861663368
1958,Industry and agriculture,58.82674212599841890446
1959,Industry and agriculture,74.80194574073107367427
1960,Industry and agriculture,101.76423729275362669188
1961,Industry and agriculture,99.34868662927486456890
1962,Industry and agriculture,87.53359064848195282978
1963,Industry and agriculture,98.11516325521743478376
1964,Industry and agriculture,102.93624137873363879552
1965,Industry and agriculture,111.84157616959567957737
1966,Industry and agriculture,124.11248083313734052669
1967,Industry and agriculture,148.63837856593459635571
1968,Industry and agriculture,144.94950960345697187788
1969,Industry and agriculture,168.40890772387647402143
1970,Industry and agriculture,182.07368381837987294568
1971,Industry and agriculture,220.54298320418276974736
1972,Industry and agriculture,249.79753084231012724222
1973,Industry and agriculture,267.59608629176547934706
1974,Industry and agriculture,616.48943754306063476533
1975,Industry and agriculture,954.42655472471613813476
1976,Industry and agriculture,1214.85278139379661205607
1977,Industry and agriculture,1208.03933111258155005589
1978,Industry and agriculture,1175.87623097428129746645
1979,Industry and agriculture,1341.70211669853070870517
1980,Industry and agriculture,1300.98226510521718954644
1981,Industry and agriculture,1294.48436494886387200281
1982,Industry and agriculture,1382.85514071148423177436
1983,Industry and agriculture,1372.05503109276157592474
1984,Industry and agriculture,1650.79151637422629657831
1985,Industry and agriculture,1693.19944318260680989222
1986,Industry and agriculture,1722.92303364317592541276
1987,Industry and agriculture,1724.69926271146799892442
1988,Industry and agriculture,1761.51586158168387870973
1989,Industry and agriculture,1916.57535791179428545878
1990,Industry and agriculture,2076.75069617791405429232
1991,Industry and agriculture,2197.43085952012489757182
1992,Industry and agriculture,2064.02955800609908559352
1993,Industry and agriculture,2195.90068252411960201368
1994,Industry and agriculture,2014.77369658016906312063
1995,Industry and agriculture,2219.33501609653290032171
1996,Industry and agriculture,2273.75118837559635444313
1997,Industry and agriculture,2462.35988738331736189487
1998,Industry and agriculture,2746.71865417776090634994
1999,Industry and agriculture,2914.42526305391163461029
2000,Industry and agriculture,3460.44866540788188908722
2001,Industry and agriculture,3895.69350045154506167553
2002,Industry and agriculture,4085.15404641526880861480
2003,Industry and agriculture,3789.76570885387681316842
2004,Industry and agriculture,3824.13020653880692224103
2005,Industry and agriculture,4238.59980157422045537719
2006,Industry and agriculture,5066.37236450142521944537
2007,Industry and agriculture,5746.90443167055331658261
2008,Industry and agriculture,7095.00730667454336819149
2009,Industry and agriculture,7977.14591953969730401128
2010,Industry and agriculture,9168.73571887743711368447
2011,Industry and agriculture,11263.18122789192699812645
2012,Industry and agriculture,13433.70451222419823391743
2013,Industry and agriculture,14732.03850636554195604830
2014,Industry and agriculture,15154.69689157837842165194
2015,Industry and agriculture,16194.15668020947210913340
2016,Industry and agriculture,15856.61568551859027222075
2017,Industry and agriculture,13317.16301683204907197571
2018,Industry and agriculture,1723.81428467765843024869
2019,Industry and agriculture,2.07896825396825396825
9999,Industry and agriculture,61.91666666666666666666
1809,Other,1.00000000000000000000
1812,Other,1.00000000000000000000
1845,Other,1.00000000000000000000
1848,Other,0.99999999999999999999
1849,Other,1.00000000000000000000
1857,Other,1.00000000000000000000
1858,Other,1.00000000000000000000
1862,Other,2.00000000000000000000
1865,Other,1.00000000000000000000
1866,Other,2.00000000000000000000
1867,Other,2.00000000000000000000
1869,Other,2.00000000000000000000
1870,Other,3.00000000000000000000
1873,Other,4.00000000000000000000
1874,Other,3.00000000000000000000
1875,Other,1.00000000000000000000
1876,Other,6.99999999999999999999
1877,Other,15.99999999999999999998
1878,Other,17.00000000000000000000
1879,Other,18.00000000000000000000
1880,Other,44.00000000000000000000
1881,Other,9.00000000000000000000
1882,Other,14.50000000000000000000
1883,Other,12.50000000000000000000
1884,Other,17.99999999999999999997
1885,Other,15.00000000000000000002
1886,Other,32.75000000000000000000
1887,Other,28.50000000000000000000
1888,Other,81.99999999999999999999
1889,Other,1509.99999999999999999992
1890,Other,1277.49999999999999999994
1891,Other,1431.99999999999999999992
1892,Other,1695.49999999999999999988
1893,Other,1742.49999999999999999989
1894,Other,1949.49999999999999999993
1895,Other,2128.16666666666666666659
1896,Other,2499.77777777777777777755
1897,Other,3361.41666666666666666626
1898,Other,4859.72499999999999999914
1899,Other,7667.39999999999999999760
1900,Other,8254.04999999999999999747
1901,Other,9435.21309523809523809207
1902,Other,17229.20512820512820512336
1903,Other,19613.75833333333333332837
1904,Other,21136.68398268398268397632
1905,Other,21804.59999999999999999400
1906,Other,22315.58373015873015872451
1907,Other,22706.83055555555555554985
1908,Other,23658.71666666666666666000
1909,Other,23849.84768009768009767323
1910,Other,25186.64841269841269840580
1911,Other,26399.42619047619047618361
1912,Other,27307.81666666666666665838
1913,Other,26417.78492063492063491294
1914,Other,21082.87222222222222221553
1915,Other,17741.30714285714285713689
1916,Other,18584.98293650793650792928
1917,Other,20288.69990842490842490036
1918,Other,20861.89099511599511598620
1919,Other,32510.21190476190476188896
1920,Other,31558.69044011544011542468
1921,Other,27804.59204134072555123627
1922,Other,25955.08412698412698411176
1923,Other,24190.44917027417027415667
1924,Other,26173.26946941946941945547
1925,Other,27491.12625152625152623632
1926,Other,27951.51865079365079363618
1927,Other,29285.30747283761989642662
1928,Other,27426.25528180969357438432
1929,Other,26673.25631688572865042020
1930,Other,26244.70131703092229406465
1931,Other,23097.75357142857142855873
1932,Other,20572.01309523809523808469
1933,Other,18966.44651459651459650381
1934,Other,19279.61179653679653678734
1935,Other,20231.51355311355311354260
1936,Other,22623.34678932178932177534
1937,Other,25609.14660478410478408944
1938,Other,24535.04563492063492062144
1939,Other,21610.13498168498168496588
1940,Other,20195.03455623324044375275
1941,Other,19601.74999999999999998944
1942,Other,18569.43718617983323864431
1943,Other,16682.25555555555555554630
1944,Other,17286.61976911976911975738
1945,Other,17463.93677531618708088117
1946,Other,19871.73179279870456339710
1947,Other,18116.09152236652236651064
1948,Other,23346.21733266733266731866
1949,Other,28217.54016539016539014995
1950,Other,31757.30357836607836606036
1951,Other,32436.57506849875270926005
1952,Other,32506.40946738446738444872
1953,Other,34946.35306590073029525815
1954,Other,38369.27491888923022349445
1955,Other,40078.62368133500486438695
1956,Other,40867.45702632334985273383
1957,Other,43174.62028890143294444569
1958,Other,48205.63207277914001561228
1959,Other,50417.26161129047301632012
1960,Other,55729.97778751530112687709
1961,Other,56722.35967070699603186119
1962,Other,55989.04522940014846727990
1963,Other,58971.45615085264466065935
1964,Other,62467.08961531405433676547
1965,Other,66592.96905326168314058591
1966,Other,67346.88773514178131978013
1967,Other,66206.49623424843827989753
1968,Other,67191.68852336158131012676
1969,Other,69930.87906152337509411035
1970,Other,69202.57883371028583696353
1971,Other,76913.94870164407994760335
1972,Other,84758.31628857867270952152
1973,Other,87640.22065528129059966664
1974,Other,140868.36870714019430738358
1975,Other,189334.23644633227491126393
1976,Other,226545.83441567041990869095
1977,Other,238015.91043844481230762290
1978,Other,257274.27174169027419364654
1979,Other,277618.98410497976996246564
1980,Other,278052.69642212878978681316
1981,Other,290624.24163637237215535410
1982,Other,312575.25220946243464020459
1983,Other,338554.97853903633917308511
1984,Other,378268.94534805863103716182
1985,Other,403417.28693167506731681380
1986,Other,415383.50776182205505013567
1987,Other,451633.44904598305783040348
1988,Other,469499.83130962146091473095
1989,Other,478022.88479861847149719631
1990,Other,484744.72828834369823019718
1991,Other,458811.22712009220946402107
1992,Other,442216.78049282118669248656
1993,Other,460569.25050718691404206226
1994,Other,462079.84214517697832833850
1995,Other,502853.14626517207084758167
1996,Other,549256.01746627010485752103
1997,Other,579704.53046294846320476072
1998,Other,603138.87397846336783799987
1999,Other,638449.09068840407086339114
2000,Other,711478.66193398817794539934
2001,Other,733153.50995540724438449860
2002,Other,755306.98892317473320900733
2003,Other,783098.32138115936823108180
2004,Other,816776.80344396213435306414
2005,Other,856467.97136908136337923023
2006,Other,850887.05657040710932885276
2007,Other,804382.96815053921606878316
2008,Other,808394.57917843240902119129
2009,Other,804383.63602755116506071924
2010,Other,893120.50537182300395386504
2011,Other,1052441.87553422253735630615
2012,Other,1292893.05448647765183894396
2013,Other,1459250.77966791359322702143
2014,Other,1562385.12575744465035740185
2015,Other,1816981.80067286571203762696
2016,Other,2099120.06476331472492339527
2017,Other,2505568.79781125586733341838
2018,Other,2424360.84014789576352436773
2019,Other,518046.82448384948384949386
2020,Other,139.49999999999999999998
9999,Other,311139.01666666666666666177
1881,Production of energy,0.25000000000000000000
1890,Production of energy,0.50000000000000000000
1893,Production of energy,0.50000000000000000000
1896,Production of energy,0.88888888888888888888
1897,Production of energy,1.75000000000000000000
1898,Production of energy,4.40000000000000000000
1899,Production of energy,5.01666666666666666667
1900,Production of energy,5.00000000000000000000
1901,Production of energy,6.24523809523809523807
1902,Production of energy,21.69999999999999999997
1903,Production of energy,28.38333333333333333332
1904,Production of energy,21.23333333333333333331
1905,Production of energy,27.62857142857142857139
1906,Production of energy,31.07619047619047619041
1907,Production of energy,26.73333333333333333333
1908,Production of energy,26.53333333333333333331
1909,Production of energy,26.54523809523809523805
1910,Production of energy,27.20714285714285714282
1911,Production of energy,30.17619047619047619042
1912,Production of energy,27.33333333333333333328
1913,Production of energy,32.50476190476190476181
1914,Production of energy,24.29999999999999999997
1915,Production of energy,15.41666666666666666664
1916,Production of energy,20.06666666666666666665
1917,Production of energy,35.73333333333333333326
1918,Production of energy,33.50119047619047619042
1919,Production of energy,52.27380952380952380941
1920,Production of energy,71.00238095238095238080
1921,Production of energy,57.60871623503202450565
1922,Production of energy,56.79285714285714285704
1923,Production of energy,33.70202020202020202013
1924,Production of energy,40.97142857142857142851
1925,Production of energy,37.28015873015873015865
1926,Production of energy,45.29999999999999999993
1927,Production of energy,35.06336580086580086572
1928,Production of energy,27.32619047619047619046
1929,Production of energy,21.98382352941176470585
1930,Production of energy,25.68730158730158730156
1931,Production of energy,24.73888888888888888886
1932,Production of energy,20.28690476190476190470
1933,Production of energy,17.86025641025641025638
1934,Production of energy,14.33333333333333333332
1935,Production of energy,16.50555555555555555553
1936,Production of energy,21.29999999999999999998
1937,Production of energy,24.67305194805194805188
1938,Production of energy,26.08333333333333333328
1939,Production of energy,23.72896825396825396822
1940,Production of energy,33.33333333333333333328
1941,Production of energy,45.89841269841269841264
1942,Production of energy,29.51263736263736263731
1943,Production of energy,21.27896825396825396819
1944,Production of energy,23.39166666666666666664
1945,Production of energy,24.96031746031746031743
1946,Production of energy,19.00444139194139194135
1947,Production of energy,22.71468253968253968248
1948,Production of energy,18.07738095238095238091
1949,Production of energy,28.39789377289377289374
1950,Production of energy,24.99696275946275946272
1951,Production of energy,31.85555555555555555551
1952,Production of energy,27.98253968253968253963
1953,Production of energy,24.96428571428571428568
1954,Production of energy,33.19336219336219336212
1955,Production of energy,50.71712842712842712835
1956,Production of energy,60.24439073997897527302
1957,Production of energy,93.81380208131936551030
1958,Production of energy,116.08804517922164980973
1959,Production of energy,116.65678349428349428329
1960,Production of energy,104.69740346885083727166
1961,Production of energy,117.31803436329752119200
1962,Production of energy,125.88739343989343989327
1963,Production of energy,136.63752650127650127631
1964,Production of energy,164.59849127405999124928
1965,Production of energy,159.92798376580960907980
1966,Production of energy,158.39964404946182439765
1967,Production of energy,155.41088443720022667371
1968,Production of energy,156.28878594123529511854
1969,Production of energy,145.34200479345216187304
1970,Production of energy,134.35496576436978913755
1971,Production of energy,169.48747532996759002930
1972,Production of energy,197.98197650725009723512
1973,Production of energy,233.93517447315401279569
1974,Production of energy,809.94407578575535231821
1975,Production of energy,1369.95662491068138170718
1976,Production of energy,1588.58416375835579352929
1977,Production of energy,1800.07835921310953768695
1978,Production of energy,1949.83090137892906250475
1979,Production of energy,2119.74770268459495290612
1980,Production of energy,2646.54924139089186596321
1981,Production of energy,2493.22378178131804839129
1982,Production of energy,2676.29862971868322521132
1983,Production of energy,2537.51536739572297151760
1984,Production of energy,2783.25779146971485055030
1985,Production of energy,3122.59131237820748521985
1986,Production of energy,2980.48053096449490292359
1987,Production of energy,4742.24691725358494882782
1988,Production of energy,3424.43209577392683563917
1989,Production of energy,3117.69226251353605358571
1990,Production of energy,3183.22489960058691613539
1991,Production of energy,2909.56885477127916281043
1992,Production of energy,2473.82699503602106848268
1993,Production of energy,2669.75352705789388537010
1994,Production of energy,2456.60095944537076710317
1995,Production of energy,2649.78044945742918493432
1996,Production of energy,2831.28879593949045978696
1997,Production of energy,3027.31636193827480214971
1998,Production of energy,3261.57564136923354294413
1999,Production of energy,3639.69745697048877875988
2000,Production of energy,3909.19442934672056784098
2001,Production of energy,4156.82397215217620869824
2002,Production of energy,4348.10291970142468663486
2003,Production of energy,4619.84795248096909943242
2004,Production of energy,4840.83871400927647197383
2005,Production of energy,5369.39600317648487217718
2006,Production of energy,6302.26275812667946251705
2007,Production of energy,6517.61084727375227746078
2008,Production of energy,7890.24909132181686966751
2009,Production of energy,10206.14268236435413670225
2010,Production of energy,11969.26180404191780144661
2011,Production of energy,14490.70593697052577359929
2012,Production of energy,16655.48612195659161260912
2013,Production of energy,15891.61567819325330931257
2014,Production of energy,15009.26700705509489942566
2015,Production of energy,16720.47385328547904013905
2016,Production of energy,16578.94470778446517965661
2017,Production of energy,14965.81542152478100295431
2018,Production of energy,2690.86228013569951153757
2019,Production of energy,5.78145743145743145741
9999,Production of energy,190.69999999999999999999
1900,Smart grids,0.06666666666666666667
1917,Smart grids,0.16666666666666666667
1920,Smart grids,0.66666666666666666666
1921,Smart grids,0.33333333333333333333
1923,Smart grids,0.00000000000000000000
1924,Smart grids,0.66666666666666666666
1926,Smart grids,0.33333333333333333333
1927,Smart grids,0.33333333333333333333
1929,Smart grids,0.25000000000000000000
1930,Smart grids,0.25000000000000000000
1931,Smart grids,0.25000000000000000000
1933,Smart grids,1.49999999999999999999
1935,Smart grids,0.91666666666666666666
1936,Smart grids,0.73333333333333333334
1937,Smart grids,1.95833333333333333332
1938,Smart grids,0.86666666666666666666
1939,Smart grids,0.91666666666666666666
1940,Smart grids,1.08333333333333333333
1941,Smart grids,0.83333333333333333333
1942,Smart grids,0.45000000000000000000
1943,Smart grids,0.83333333333333333333
1945,Smart grids,0.99999999999999999999
1946,Smart grids,0.58333333333333333333
1947,Smart grids,0.41666666666666666666
1949,Smart grids,0.20000000000000000000
1950,Smart grids,0.70000000000000000000
1951,Smart grids,0.33333333333333333334
1952,Smart grids,0.53333333333333333334
1953,Smart grids,0.58333333333333333333
1954,Smart grids,1.83333333333333333332
1955,Smart grids,0.86666666666666666666
1956,Smart grids,0.98333333333333333333
1957,Smart grids,0.91666666666666666666
1958,Smart grids,0.91666666666666666666
1959,Smart grids,0.82500000000000000000
1960,Smart grids,1.87619047619047619046
1961,Smart grids,1.10000000000000000000
1962,Smart grids,0.78333333333333333334
1963,Smart grids,2.54841269841269841269
1964,Smart grids,1.52380952380952380951
1965,Smart grids,2.63690476190476190474
1966,Smart grids,4.33333333333333333333
1967,Smart grids,2.79523809523809523807
1968,Smart grids,3.29960317460317460317
1969,Smart grids,5.07521367521367521365
1970,Smart grids,7.11746031746031746034
1971,Smart grids,7.02471139971139971140
1972,Smart grids,3.87738095238095238094
1973,Smart grids,5.27738095238095238097
1974,Smart grids,7.76712397080044138866
1975,Smart grids,8.18273809523809523811
1976,Smart grids,9.01208133971291866026
1977,Smart grids,17.70376984126984126983
1978,Smart grids,19.48122710622710622708
1979,Smart grids,13.84660894660894660895
1980,Smart grids,23.04479548229548229551
1981,Smart grids,33.05007215007215007218
1982,Smart grids,45.40668727407857842638
1983,Smart grids,34.95909368409368409368
1984,Smart grids,34.05186202686202686202
1985,Smart grids,40.30493487993487993485
1986,Smart grids,46.03936104744928274337
1987,Smart grids,42.86027583527583527587
1988,Smart grids,48.49985431235431235434
1989,Smart grids,48.34649170274170274164
1990,Smart grids,56.35337250468829416198
1991,Smart grids,48.40529050992018811520
1992,Smart grids,52.98097211202493357430
1993,Smart grids,51.35823720823746932986
1994,Smart grids,64.45444177992131956327
1995,Smart grids,62.27025917478148599430
1996,Smart grids,77.40996339452296152477
1997,Smart grids,72.84984348449612141308
1998,Smart grids,71.30220532976792231058
1999,Smart grids,74.08323942117340390840
2000,Smart grids,114.10242962769585768369
2001,Smart grids,130.69890666116001595719
2002,Smart grids,112.15406425973920283895
2003,Smart grids,92.27713365808040070330
2004,Smart grids,110.92940469006360315155
2005,Smart grids,139.42749237765438803972
2006,Smart grids,173.03748312320246167563
2007,Smart grids,202.29611276178640554873
2008,Smart grids,234.32411932273436549223
2009,Smart grids,385.08581799546498007829
2010,Smart grids,580.08173110151160913426
2011,Smart grids,766.75920228214503210469
2012,Smart grids,917.94095202903169059210
2013,Smart grids,1087.21168482288579571135
2014,Smart grids,1215.94052115156967595666
2015,Smart grids,1520.59694081518605204345
2016,Smart grids,1287.14481960682525834896
2017,Smart grids,1014.03373881920540286469
2018,Smart grids,198.85747985281841269060
2019,Smart grids,0.65000000000000000000
1881,Transportation,0.50000000000000000000
1883,Transportation,0.50000000000000000000
1886,Transportation,0.25000000000000000000
1887,Transportation,0.50000000000000000000
1890,Transportation,0.50000000000000000000
1895,Transportation,0.83333333333333333333
1896,Transportation,0.33333333333333333333
1897,Transportation,0.33333333333333333333
1898,Transportation,4.87500000000000000000
1899,Transportation,5.74999999999999999997
1900,Transportation,5.88333333333333333335
1901,Transportation,8.54166666666666666665
1902,Transportation,19.49487179487179487178
1903,Transportation,32.39166666666666666657
1904,Transportation,31.94935064935064935054
1905,Transportation,24.10238095238095238090
1906,Transportation,38.07619047619047619035
1907,Transportation,32.31944444444444444433
1908,Transportation,28.74999999999999999990
1909,Transportation,25.93089133089133089125
1910,Transportation,21.34444444444444444439
1911,Transportation,30.65833333333333333320
1912,Transportation,32.28333333333333333322
1913,Transportation,29.51190476190476190467
1914,Transportation,17.51111111111111111104
1915,Transportation,21.10952380952380952374
1916,Transportation,36.44206349206349206338
1917,Transportation,44.88342490842490842480
1918,Transportation,53.32777777777777777765
1919,Transportation,74.42976190476190476173
1920,Transportation,67.10995670995670995654
1921,Transportation,67.75757575757575757563
1922,Transportation,51.61349206349206349196
1923,Transportation,49.27380952380952380938
1924,Transportation,44.34243534243534243529
1925,Transportation,44.38247863247863247853
1926,Transportation,44.53571428571428571415
1927,Transportation,61.91587301587301587286
1928,Transportation,48.45335497835497835490
1929,Transportation,53.72579365079365079349
1930,Transportation,43.67611138861138861128
1931,Transportation,40.91071428571428571417
1932,Transportation,43.77857142857142857132
1933,Transportation,31.93529248529248529243
1934,Transportation,43.51071428571428571417
1935,Transportation,40.20992063492063492053
1936,Transportation,39.40440115440115440104
1937,Transportation,51.16248612498612498599
1938,Transportation,51.45119047619047619036
1939,Transportation,40.33605006105006104993
1940,Transportation,43.39692807192807192800
1941,Transportation,41.40634920634920634910
1942,Transportation,44.21157616892911010546
1943,Transportation,40.69325396825396825385
1944,Transportation,36.45476190476190476179
1945,Transportation,29.50559163059163059155
1946,Transportation,54.46908369408369408359
1947,Transportation,34.66753246753246753239
1948,Transportation,41.02771672771672771665
1949,Transportation,40.59960317460317460307
1950,Transportation,41.10097402597402597392
1951,Transportation,46.99365079365079365071
1952,Transportation,45.08030118030118030115
1953,Transportation,43.57222222222222222213
1954,Transportation,57.06444435194435194420
1955,Transportation,49.63296564546564546554
1956,Transportation,53.67325036075036075026
1957,Transportation,48.15873154623154623145
1958,Transportation,50.09278638028638028629
1959,Transportation,46.14912889398183515823
1960,Transportation,62.96162228576021679457
1961,Transportation,73.35015353004483439252
1962,Transportation,71.85226090988474889396
1963,Transportation,63.71974957518688168827
1964,Transportation,69.61622682872682872675
1965,Transportation,91.98156246058722838889
1966,Transportation,101.06123726612857047634
1967,Transportation,87.79677373280314456768
1968,Transportation,91.02952648552073104488
1969,Transportation,91.22427609512535315875
1970,Transportation,93.54677811223863855435
1971,Transportation,123.61356850900241830847
1972,Transportation,165.46202316736513584950
1973,Transportation,230.00150392563093261478
1974,Transportation,313.95337648215531966641
1975,Transportation,426.73161921469197010965
1976,Transportation,494.46048705778949790016
1977,Transportation,498.06860209816058517051
1978,Transportation,474.82897027937926555411
1979,Transportation,564.16220831562869522155
1980,Transportation,682.51357533285645274495
1981,Transportation,780.72387874339432422581
1982,Transportation,857.11755063579451114743
1983,Transportation,892.89757266801908767330
1984,Transportation,942.49067481983107146820
1985,Transportation,811.18199356511865953827
1986,Transportation,705.07257512245471530449
1987,Transportation,708.91133218937789412948
1988,Transportation,675.93813094212970197287
1989,Transportation,744.38536675404718416173
1990,Transportation,828.39061782570916264960
1991,Transportation,1227.69975770641321508626
1992,Transportation,948.74377822420494958391
1993,Transportation,1129.34366047322947669736
1994,Transportation,1670.04256867536675477615
1995,Transportation,1791.47775713673713755858
1996,Transportation,1969.05698464772258076762
1997,Transportation,2120.43582846475662386784
1998,Transportation,2418.44238995802439259343
1999,Transportation,2544.68873426018688193684
2000,Transportation,2603.73977340829857790138
2001,Transportation,2846.17352036657567218554
2002,Transportation,3089.30474649773103565960
2003,Transportation,3590.93777211197152216205
2004,Transportation,3742.64196243144014167599
2005,Transportation,3847.97737540710187294442
2006,Transportation,4843.29430300934536502204
2007,Transportation,4991.22916765456675471542
2008,Transportation,5722.47829469283101134329
2009,Transportation,5642.28579939209256569738
2010,Transportation,6272.63828579562832950003
2011,Transportation,7354.88432480001916270046
2012,Transportation,7683.00788661010674891668
2013,Transportation,7542.97646894164803411471
2014,Transportation,7719.55363860912594590538
2015,Transportation,8716.10518749173140127714
2016,Transportation,9280.24072410196343025596
2017,Transportation,7758.84509949879187860062
2018,Transportation,1063.15114447369972795617
2019,Transportation,2.28644688644688644687
9999,Transportation,17.24166666666666666666
1882,Waste,0.50000000000000000000
1899,Waste,1.66666666666666666666
1900,Waste,1.00000000000000000000
1901,Waste,0.50000000000000000000
1902,Waste,7.23333333333333333331
1903,Waste,8.11666666666666666664
1904,Waste,9.33333333333333333330
1905,Waste,9.03571428571428571425
1906,Waste,16.01666666666666666660
1907,Waste,12.28333333333333333330
1908,Waste,11.28333333333333333331
1909,Waste,11.24999999999999999998
1910,Waste,11.51666666666666666664
1911,Waste,15.39642857142857142853
1912,Waste,7.78333333333333333331
1913,Waste,11.87619047619047619043
1914,Waste,4.91666666666666666667
1915,Waste,6.00000000000000000000
1916,Waste,3.95833333333333333332
1917,Waste,7.89999999999999999998
1918,Waste,9.76666666666666666664
1919,Waste,16.69166666666666666663
1920,Waste,18.91666666666666666662
1921,Waste,8.41190476190476190472
1922,Waste,9.50952380952380952378
1923,Waste,11.51666666666666666663
1924,Waste,15.68888888888888888884
1925,Waste,11.89880952380952380947
1926,Waste,13.14999999999999999998
1927,Waste,13.23926237161531279175
1928,Waste,11.41468253968253968249
1929,Waste,12.74597069597069597070
1930,Waste,14.08245614035087719293
1931,Waste,7.92619047619047619047
1932,Waste,6.62142857142857142856
1933,Waste,9.79444444444444444440
1934,Waste,7.39285714285714285712
1935,Waste,6.00311355311355311354
1936,Waste,10.78571428571428571425
1937,Waste,11.61904761904761904758
1938,Waste,15.82142857142857142854
1939,Waste,14.20833333333333333330
1940,Waste,11.09523809523809523809
1941,Waste,9.03333333333333333330
1942,Waste,11.36154401154401154397
1943,Waste,7.92777777777777777775
1944,Waste,8.02896825396825396822
1945,Waste,13.20168067226890756298
1946,Waste,12.65396825396825396819
1947,Waste,8.09963924963924963922
1948,Waste,15.70457875457875457871
1949,Waste,11.79166666666666666665
1950,Waste,14.55757575757575757572
1951,Waste,12.66612919244498191865
1952,Waste,20.76114718614718614714
1953,Waste,10.01352813852813852812
1954,Waste,21.37996350055173584576
1955,Waste,19.98174603174603174599
1956,Waste,18.18329004329004329000
1957,Waste,13.25833333333333333330
1958,Waste,17.24448051948051948048
1959,Waste,31.16630591630591630587
1960,Waste,26.99588554720133667500
1961,Waste,40.68879361833429154602
1962,Waste,33.84423701298701298702
1963,Waste,39.26994516920987509212
1964,Waste,45.55651755651755651748
1965,Waste,48.31090992340992340983
1966,Waste,43.12167369667369667364
1967,Waste,43.29999559407454144288
1968,Waste,50.07746044804868334278
1969,Waste,51.80841380841380841376
1970,Waste,54.56236117104504505225
1971,Waste,72.68868436058838535612
1972,Waste,90.48790843229697718849
1973,Waste,108.88311322750177239341
1974,Waste,324.17158266760949939458
1975,Waste,503.84877959587711909663
1976,Waste,646.36815333932206997193
1977,Waste,613.31094716830010947632
1978,Waste,600.65494500769268571109
1979,Waste,628.80318138861482514699
1980,Waste,571.64856722894127856524
1981,Waste,539.70403755451709415897
1982,Waste,521.68076465315522644432
1983,Waste,517.61585783282764706884
1984,Waste,617.42889141190306172272
1985,Waste,647.97613870004923049000
1986,Waste,661.59537967275609483906
1987,Waste,742.59832006014281556069
1988,Waste,787.50881054646333696591
1989,Waste,962.69005198037118609325
1990,Waste,1153.75304577319049809143
1991,Waste,1278.23479238398430345070
1992,Waste,1296.83993752620577192113
1993,Waste,1358.25127280960573317949
1994,Waste,1332.45703722651312786637
1995,Waste,1511.53757648928057672189
1996,Waste,1623.26132050508751839503
1997,Waste,1795.76895464397445798336
1998,Waste,1915.73157791888142769265
1999,Waste,2123.99546789123141251437
2000,Waste,2570.82198247783643241906
2001,Waste,2353.35238962844636465669
2002,Waste,2405.22157810910986391789
2003,Waste,2368.94583530343286438008
2004,Waste,2268.18338905316675500174
2005,Waste,2467.48720571778286586994
2006,Waste,2524.05993520034640418834
2007,Waste,2460.24931913348931651253
2008,Waste,2835.61147598778971308392
2009,Waste,2886.38531476014141003306
2010,Waste,3290.01089468387442789777
2011,Waste,3586.77760929635369299188
2012,Waste,4198.00643377530474445968
2013,Waste,4650.96243573070187302348
2014,Waste,5149.96620288224020963648
2015,Waste,7211.02930378169864485860
2016,Waste,6151.71523825798162415432
2017,Waste,6356.97570490722089352090
2018,Waste,872.63969639000565100975
2019,Waste,3.88571428571428571427
9999,Waste,36.70833333333333333334